anlage,datum,dc_leistung,ac_leistung,aussentemperatur,modultemperatur,sonneneinstrahlung,anzahl_wr,ac_je_wr,ac_je_wr_relativ,tag,stunde,ac_leistung_relativ,einstrahlung_relativ,leistungseinbruch_korrigiert
Anlage 2,2020-05-19 10:15:00,3434.0280952380954,3355.3661904761907,28.93706556666666,41.523643,0.7757806623333334,22,152.51664502164502,0.12915308413067408,2020-05-19,10,0.1291530841306741,0.7060471762475368,True
Anlage 2,2020-05-20 10:30:00,3585.3333333333335,3496.6466666666665,29.477747666666662,46.90938813333333,0.8492220146666665,12,291.3872222222222,0.2467505000580702,2020-05-20,10,0.1345911818498565,0.7728870215187383,True
Anlage 2,2020-05-20 10:45:00,3763.546666666666,3669.4266666666667,30.04928175862069,48.90987755172413,0.9121699306896552,12,305.78555555555556,0.25894319650820247,2020-05-20,10,0.1412417435499286,0.8301766660234395,True
Anlage 2,2020-05-20 11:00:00,3647.7242857142855,3557.437142857143,30.170891333333334,48.8913961,0.8782139643333335,12,296.4530952380953,0.2510403473971689,2020-05-20,11,0.13693109858027394,0.7992729385568015,True
Anlage 2,2020-05-20 11:15:00,3774.4604761904766,3680.0761904761903,30.52978934482759,49.119193172413794,0.9002838820689654,12,306.67301587301586,0.25969470947931006,2020-05-20,11,0.14165165971598734,0.8193590322864269,True
Anlage 2,2020-05-20 11:30:00,3796.386666666667,3701.4733333333334,31.04592693333333,51.21273570000001,0.904425871,12,308.4561111111111,0.26120465778210705,2020-05-20,11,0.1424752678811493,0.8231287055082493,True
Anlage 2,2020-05-20 11:45:00,3941.533333333333,3843.0133333333333,31.343127399999997,52.38038843333334,0.892504974,12,320.25111111111113,0.2711928176128266,2020-05-20,11,0.14792335506154178,0.8122793558481628,True
Anlage 2,2020-05-21 10:00:00,2450.982857142857,2393.7861904761903,30.530053833333337,52.767174,0.8282022053333332,18,132.98812169312168,0.11261607588453373,2020-05-21,10,0.09214042572370942,0.7537566438931553,True
Anlage 2,2020-05-28 13:30:00,1948.2133333333334,1899.7399999999998,35.42169006666666,57.171374533333335,0.8731674043333335,18,105.54111111111109,0.08937358935900838,2020-05-28,13,0.07312384583918868,0.7946800044830815,True
Anlage 2,2020-05-28 13:45:00,6171.892857142857,6022.9423809523805,35.62051265517242,58.288988,0.8494377324137931,18,334.60791005291003,0.28335034219851474,2020-05-28,13,0.23183209816242117,0.7730833487973368,True
Anlage 2,2020-06-02 11:15:00,5498.685714285714,5378.966666666666,29.25102733333333,43.11183256666668,0.6886449540000001,22,244.49848484848482,0.20704450572576666,2020-06-02,11,0.2070445057257667,0.6267439352592424,True
Anlage 2,2020-06-02 12:30:00,0.0,0.0,31.939592433333328,62.56430569999999,1.083226548,22,0.0,0.0,2020-06-02,12,0.0,0.9858573210002851,True
Anlage 2,2020-06-03 10:45:00,3398.9038095238093,3321.8914285714286,29.227473900000003,44.62195646666667,0.8408771333333332,22,150.99506493506493,0.12786459026886807,2020-06-03,10,0.1278645902688681,0.7652922461039973,True
Anlage 2,2020-06-07 09:30:00,3193.0099999999998,3118.512857142857,29.140061533333327,49.17093513333333,0.8125590883333333,22,141.7505844155844,0.12003624359819877,2020-06-07,9,0.12003624359819878,0.7395196576909727,True
Anlage 2,2020-06-09 09:45:00,5072.236666666667,4952.594285714285,29.97841589999999,48.841255533333324,0.7644892783333334,22,225.11792207792206,0.19063279240981304,2020-06-09,9,0.19063279240981307,0.6957707538304733,True
Anlage 2,2020-06-10 11:15:00,0.0,0.0,31.295486533333335,50.5755861,0.7684907340000002,22,0.0,0.0,2020-06-10,11,0.0,0.6994125260626302,True
Anlage 2,2020-06-10 11:30:00,0.0,0.0,31.757299862068965,51.85563372413792,0.7788566541379311,22,0.0,0.0,2020-06-10,11,0.0,0.7088466728491466,True
Anlage 2,2020-06-13 10:30:00,3594.3928571428573,3506.09,28.801169482758617,47.45520072413794,0.7940656137931034,22,159.36772727272728,0.13495466993289665,2020-06-13,10,0.13495466993289668,0.7226885273056619,True
Anlage 2,2020-06-13 11:00:00,7658.426666666666,7473.6866666666665,28.386927241379315,43.36369134482759,0.739425887586207,22,339.7130303030303,0.2876734246074375,2020-06-13,11,0.28767342460743756,0.6729602648309502,True
