anlage,datum,sonneneinstrahlung,einstrahlung_relativ,ac_leistung,ac_leistung_relativ
Anlage 2,2020-05-19 10:15:00,0.7757806623333334,0.7060471762475368,3355.3661904761907,0.1291530841306741
Anlage 2,2020-05-20 10:00:00,0.747509839,0.6803175648330717,7785.319523809524,0.29966864132348303
Anlage 2,2020-05-20 10:15:00,0.8641144379310344,0.7864407924540239,5346.84,0.20580790207439317
Anlage 2,2020-05-20 10:30:00,0.8492220146666665,0.7728870215187383,3496.6466666666665,0.1345911818498565
Anlage 2,2020-05-20 10:45:00,0.9121699306896552,0.8301766660234395,3669.4266666666667,0.1412417435499286
Anlage 2,2020-05-20 11:00:00,0.8782139643333335,0.7992729385568015,3557.437142857143,0.13693109858027394
Anlage 2,2020-05-20 11:15:00,0.9002838820689654,0.8193590322864269,3680.0761904761903,0.14165165971598734
Anlage 2,2020-05-20 11:30:00,0.904425871,0.8231287055082493,3701.4733333333334,0.1424752678811493
Anlage 2,2020-05-20 11:45:00,0.892504974,0.8122793558481628,3843.0133333333333,0.14792335506154178
Anlage 2,2020-05-20 12:00:00,0.8887461020689656,0.8088583619491907,5127.686666666667,0.19737236112573128
Anlage 2,2020-05-20 12:15:00,0.9234582183333332,0.8404502704099126,5570.975238095239,0.21443520401971522
Anlage 2,2020-05-20 12:30:00,0.9023842899999998,0.8212706384409479,5026.708095238095,0.19348554425068287
Anlage 2,2020-05-20 12:45:00,0.9005759923333334,0.8196248853004601,5027.66,0.19352218449464423
Anlage 2,2020-05-20 13:00:00,0.8902271979999999,0.8102063249117029,4973.773333333333,0.19144800576170123
Anlage 2,2020-05-20 13:15:00,0.8847205834482758,0.8051946897373552,4930.326666666666,0.18977567830870243
Anlage 2,2020-05-20 13:30:00,0.843018139,0.7672408007389291,4697.182380952381,0.18080160458974134
Anlage 2,2020-05-20 13:45:00,0.827689449310345,0.7532899785588508,4608.08,0.17737192012309508
Anlage 2,2020-05-20 14:00:00,0.8284374166666665,0.7539707125156212,4610.5,0.17746506955771815
Anlage 2,2020-05-21 10:00:00,0.8282022053333332,0.7537566438931553,2393.7861904761903,0.09214042572370942
Anlage 2,2020-05-28 13:30:00,0.8731674043333335,0.7946800044830815,1899.7399999999998,0.07312384583918868
Anlage 2,2020-05-28 13:45:00,0.8494377324137931,0.7730833487973368,6022.9423809523805,0.23183209816242117
Anlage 2,2020-06-02 11:15:00,0.6886449540000001,0.6267439352592424,5378.966666666666,0.2070445057257667
Anlage 2,2020-06-02 12:30:00,1.083226548,0.9858573210002851,0.0,0.0
Anlage 2,2020-06-03 10:45:00,0.8408771333333332,0.7652922461039973,3321.8914285714286,0.1278645902688681
Anlage 2,2020-06-07 09:30:00,0.8125590883333333,0.7395196576909727,3118.512857142857,0.12003624359819878
Anlage 2,2020-06-09 09:45:00,0.7644892783333334,0.6957707538304733,4952.594285714285,0.19063279240981307
Anlage 2,2020-06-10 11:15:00,0.7684907340000002,0.6994125260626302,0.0,0.0
Anlage 2,2020-06-10 11:30:00,0.7788566541379311,0.7088466728491466,0.0,0.0
Anlage 2,2020-06-13 10:30:00,0.7940656137931034,0.7226885273056619,3506.09,0.13495466993289668
Anlage 2,2020-06-13 11:00:00,0.739425887586207,0.6729602648309502,7473.6866666666665,0.28767342460743756
