anlage,wechselrichter_id,ertrag_gesamt,durchschnitt_anlage,abweichung_prozent
Anlage 1,1BY6WEcLGh8j5v7,225755.428571,244581.76921004543,-7.7
Anlage 1,1IF53ai7Xc0U56Y,249859.416667,244581.76921004543,2.16
Anlage 1,3PZuoBAID5Wc2HD,249603.5,244581.76921004543,2.05
Anlage 1,7JYdWkrLSPkdwr4,243859.0,244581.76921004543,-0.3
Anlage 1,McdE0feGgRqW7Ca,249620.464286,244581.76921004543,2.06
Anlage 1,VHMLBKoKgIrUVDU,249798.166667,244581.76921004543,2.13
Anlage 1,WRmjgnKYAwPKWDb,244791.75,244581.76921004543,0.09
Anlage 1,YxYtjZvoooNbGkE,245474.75,244581.76921004543,0.37
Anlage 1,ZnxXDlPa8U1GXgE,248555.065476,244581.76921004543,1.62
Anlage 1,ZoEaEvLYb1n2sOq,243644.857143,244581.76921004543,-0.38
Anlage 1,adLQvlD726eNBSB,253090.625,244581.76921004543,3.48
Anlage 1,bvBOhCH3iADSZry,222206.0,244581.76921004543,-9.15
Anlage 1,iCRJl6heRkivqQ3,248267.714286,244581.76921004543,1.51
Anlage 1,ih0vzX44oOqAx2f,240939.404762,244581.76921004543,-1.49
Anlage 1,pkci93gMrogZuBj,246324.952381,244581.76921004543,0.71
Anlage 1,rGa61gmuvPhdLxV,245401.0,244581.76921004543,0.33
Anlage 1,sjndEbLyjtCKgGv,244846.357143,244581.76921004543,0.11
Anlage 1,uHbuxQJl8lW7ozc,248317.380953,244581.76921004543,1.53
Anlage 1,wCURE6d3bPkepu2,245999.857143,244581.76921004543,0.58
Anlage 1,z9Y9gH1T5YWrNuG,243337.0,244581.76921004543,-0.51
Anlage 1,zBIq5rxdHJRwDNY,243987.107143,244581.76921004543,-0.24
Anlage 1,zVJPv84UY57bAof,247119.125,244581.76921004543,1.04
Anlage 2,4UPUqMRk7TRMgml,261932.72857142857,203616.61147186148,28.64
Anlage 2,81aHJ1q11NBPMrL,201144.66666666666,203616.61147186148,-1.21
Anlage 2,9kRcWv60rDACzjR,198408.2,203616.61147186148,-2.56
Anlage 2,Et9kgGMDl729KT4,155716.0,203616.61147186148,-23.52
Anlage 2,IQ2d7wF4YD8zU1Q,194686.9238095238,203616.61147186148,-4.39
Anlage 2,LYwnQax7tkwH5Cb,164905.73333333334,203616.61147186148,-19.01
Anlage 2,LlT2YUhhzqhg5Sw,206530.0,203616.61147186148,1.43
Anlage 2,Mx2yZCDsyf6DPfv,241281.7857142857,203616.61147186148,18.5
Anlage 2,NgDl19wMapZy17u,180050.74285714285,203616.61147186148,-11.57
Anlage 2,PeE6FRyGXUgsRhN,215113.07142857142,203616.61147186148,5.65
Anlage 2,Qf4GUc1pJu5T6c6,233318.66666666666,203616.61147186148,14.59
Anlage 2,Quc1TzYxW2pYoWX,159300.8,203616.61147186148,-21.76
Anlage 2,V94E5Ben1TlhnDV,209396.0,203616.61147186148,2.84
Anlage 2,WcxssY2VbP4hApt,223087.53333333333,203616.61147186148,9.56
Anlage 2,mqwcsP2rE7J0TFp,173033.0,203616.61147186148,-15.02
Anlage 2,oZ35aAeoifZaQzV,233802.0,203616.61147186148,14.82
Anlage 2,oZZkBaNadn6DNKz,204376.0,203616.61147186148,0.37
Anlage 2,q49J1IKaHRwDQnt,213176.0,203616.61147186148,4.69
Anlage 2,rrq4fwE8jgrTyWY,176201.0,203616.61147186148,-13.46
Anlage 2,vOuJvMaM2sgwLmb,232542.0,203616.61147186148,14.21
Anlage 2,xMbIugepa2P7lBB,194818.73333333334,203616.61147186148,-4.32
Anlage 2,xoJJ8DcxJEcupym,206743.86666666667,203616.61147186148,1.54
